"","SERIALNO","SPORDER","AGEP","SEX","RAC1P","HISP","SCHL","HINCP","VEH","RELP","ADJINC","ST","YEAR"
"1","1151517","3",12,2,1,1,10,140000,2,2,1.018237,"9",2011
"2","1417594","3",3,1,1,1,1,85000,2,2,1.018237,"12",2011
"3","2017000926141","2",43,1,1,21,16,30000,1,1,1.011189,"12",2017
"4","869678","2",37,2,1,4,19,156010,2,1,1.018389,"12",2008
"5","2017001228231","2",62,2,1,1,20,111000,2,1,1.011189,"12",2017
"6","2017000325112","2",34,1,1,2,16,51800,0,13,1.011189,"12",2017
"7","731314","1",75,1,1,1,12,83800,2,0,1.015675,"12",2006
"8","1157799","1",40,1,1,4,13,19200,2,0,1.016787,"12",2007
"9","1055355","2",44,2,1,1,16,34000,2,13,1.008425,"12",2014
"10","1316722","5",13,1,1,1,10,61400,4,7,1.001264,"9",2015
"11","1258446","1",82,1,1,4,9,13300,1,0,1.018389,"12",2008
"12","000806932","1",44,1,1,3,21,128000,2,0,1.007588,"12",2016
"13","1006061","2",78,2,1,1,19,51650,2,1,1.018389,"12",2008
"14","384139","2",67,2,1,1,16,170000,1,1,1.016787,"12",2007
"15","992660","1",33,1,1,1,2,60000,1,0,1.015675,"12",2006
"16","1109144","1",65,1,1,1,16,45900,1,0,1.001264,"12",2015
"17","643519","2",74,2,1,1,21,34940,2,1,0.99948,"12",2009
"18","001250421","4",16,1,1,1,14,75600,3,2,1.007588,"12",2016
"19","373666","2",31,2,1,1,16,38000,2,1,1.010207,"9",2012
"20","603160","2",51,2,1,2,18,61000,1,1,1.008425,"12",2014
"21","1326049","1",75,2,1,1,10,22600,0,0,1.015675,"9",2006
"22","290761","4",16,1,8,3,13,76600,2,2,1.001264,"9",2015
"23","1388864","2",55,2,1,1,21,118120,2,1,1.001264,"9",2015
"24","234863","4",8,1,1,11,2,15800,1,5,1.015675,"12",2006
"25","938487","4",16,2,1,21,11,8000,1,2,1.007549,"12",2013
"26","914504","1",43,2,1,1,22,96000,2,0,1.010207,"12",2012
"27","159848","2",26,2,1,1,21,30000,0,1,1.018237,"9",2011
"28","1111221","3",16,2,2,1,13,51200,3,4,0.99948,"12",2009
"29","1155772","1",51,2,1,1,21,98000,2,0,1.008425,"12",2014
"30","413774","2",58,1,1,2,21,66500,2,1,1.008425,"12",2014
"31","119304","2",51,2,1,1,9,77000,1,1,1.016787,"9",2007
"32","820056","3",14,1,1,4,10,33600,2,2,1.007624,"12",2010
"33","1247102","2",72,2,1,1,19,65100,1,1,1.018237,"12",2011
"34","1378843","3",27,1,1,1,21,238840,3,10,1.007624,"9",2010
"35","663040","2",39,2,1,1,9,164200,4,1,1.015675,"12",2006
"36","384450","1",12,2,2,1,3,-59999,-1,13,1.016787,"12",2007
"37","1313085","2",34,1,2,1,24,16000,1,13,1.007624,"12",2010
"38","2017000586200","6",15,1,1,1,12,160000,4,3,1.011189,"12",2017
"39","940236","1",64,1,9,1,16,49000,2,0,1.010207,"12",2012
"40","640297","2",52,2,1,4,16,110400,3,1,1.008425,"12",2014
"41","141344","3",21,2,6,1,19,57000,3,15,1.007624,"12",2010
"42","1218090","2",32,2,1,1,21,255000,2,1,1.008425,"12",2014
"43","000030529","2",16,2,1,1,13,87000,6,4,1.007588,"12",2016
"44","551039","1",80,1,1,1,16,40660,2,0,1.018389,"9",2008
"45","103775","2",31,1,1,1,16,32000,2,11,0.99948,"12",2009
"46","798939","2",28,2,1,1,13,76000,1,1,1.015675,"12",2006
"47","000414440","2",45,2,2,1,18,56000,2,1,1.007588,"12",2016
"48","1050755","4",5,1,1,1,1,94500,2,2,1.015675,"9",2006
"49","761145","1",87,2,1,1,21,12800,1,0,0.99948,"9",2009
"50","718232","3",57,1,1,4,9,65740,3,11,1.007549,"12",2013
"51","1166269","4",21,1,1,1,19,381000,6,2,0.99948,"12",2009
"52","793141","4",6,1,1,1,3,180000,2,2,1.007549,"12",2013
"53","1156657","1",89,1,1,1,19,62800,2,0,1.007624,"12",2010
"54","1187066","2",50,1,1,1,19,56700,2,13,0.99948,"12",2009
"55","929866","3",16,1,1,1,13,40600,2,2,1.007624,"12",2010
"56","465526","3",23,1,1,1,9,122000,3,2,1.015675,"12",2006
"57","432202","2",47,2,1,1,19,40000,2,1,1.007624,"12",2010
"58","1367955","2",0,2,1,1,0,73000,2,2,1.001264,"12",2015
"59","939421","1",46,2,2,1,16,20800,1,0,1.007624,"12",2010
"60","000862388","2",39,2,1,1,19,58000,2,1,1.007588,"12",2016
"61","81524","1",75,2,1,1,18,42000,1,0,1.007624,"12",2010
"62","701182","2",29,1,1,1,22,127000,2,12,1.018389,"12",2008
"63","228533","5",67,2,1,1,16,71800,3,8,1.018389,"9",2008
"64","1097918","3",13,2,1,1,10,90000,2,2,1.010207,"12",2012
"65","407464","1",48,2,1,4,16,54000,1,0,1.007624,"12",2010
"66","1083713","1",53,2,1,1,16,58000,0,0,0.99948,"12",2009
"67","1068662","5",0,2,2,1,0,69000,2,7,1.018237,"12",2011
"68","180495","1",37,2,1,1,13,83000,2,0,1.016787,"12",2007
"69","722840","1",34,1,1,1,21,46800,1,0,1.007624,"12",2010
"70","1002643","2",21,1,2,1,10,56400,2,2,1.016787,"9",2007
"71","474661","3",50,1,1,1,16,20300,1,11,1.001264,"12",2015
"72","1006720","2",48,2,1,1,16,165000,2,1,1.010207,"12",2012
"73","899029","1",28,2,1,3,19,52000,1,0,1.007549,"12",2013
"74","974425","1",73,1,1,1,21,60000,1,0,1.018237,"12",2011
"75","288613","3",6,2,1,1,3,3500,2,2,1.007624,"12",2010
"76","47819","1",60,1,1,1,20,55000,1,0,0.99948,"12",2009
"77","686658","1",58,2,1,1,16,103000,2,0,1.007624,"12",2010
"78","1172001","1",38,1,1,1,16,59000,3,0,1.007549,"12",2013
"79","000206279","2",71,1,1,1,16,28400,2,1,1.007588,"9",2016
"80","90220","2",47,2,1,1,9,48330,2,1,1.015675,"9",2006
"81","689023","1",94,2,2,1,18,-60000,-1,16,1.018389,"12",2008
"82","710974","3",2,2,1,9,0,71300,1,7,1.010207,"12",2012
"83","540460","1",69,1,1,1,9,13600,4,0,1.016787,"12",2007
"84","2017000390624","1",79,2,1,1,21,22810,1,0,1.011189,"12",2017
"85","451896","4",7,1,1,1,4,53000,2,7,1.010207,"12",2012
"86","143242","2",58,2,1,16,19,108000,4,1,1.001264,"12",2015
"87","959685","1",58,1,1,1,17,100140,2,0,1.001264,"9",2015
"88","872132","2",53,2,2,1,16,123000,2,1,1.007549,"12",2013
"89","262117","1",54,1,8,3,14,52000,2,0,1.008425,"9",2014
"90","514629","2",21,1,1,1,16,30520,2,12,1.018389,"12",2008
"91","359877","5",14,2,1,1,3,60000,2,2,1.015675,"12",2006
"92","1107629","1",71,2,1,1,19,99200,1,0,1.018237,"12",2011
"93","001305094","4",14,2,2,1,12,35300,1,2,1.007588,"12",2016
"94","1243201","3",20,2,1,24,19,97000,3,2,1.008425,"12",2014
"95","212188","1",28,2,2,1,10,49300,2,0,1.015675,"12",2006
"96","000258290","2",37,1,9,1,21,85600,1,13,1.007588,"12",2016
"97","450532","1",59,2,1,1,16,77000,2,0,1.008425,"12",2014
"98","976478","3",33,2,1,9,16,43200,2,9,1.001264,"12",2015
"99","409631","2",19,1,1,1,9,66200,4,2,1.015675,"9",2006
"100","356591","1",26,1,1,1,16,90000,0,0,1.018389,"9",2008
"101","2017000001392","3",7,1,8,3,3,51000,1,2,1.011189,"09",2017
"102","1174310","3",14,1,1,1,11,88000,2,2,0.99948,"12",2009
"103","1114130","2",80,2,6,1,9,86300,2,1,1.016787,"12",2007
"104","634712","2",38,2,1,1,11,92000,2,1,1.016787,"12",2007
"105","214449","2",28,2,2,1,11,59600,2,1,1.015675,"12",2006
"106","500030","1",70,1,2,8,16,66400,3,0,1.001264,"12",2015
"107","1267859","3",9,2,1,1,6,46900,2,2,0.99948,"12",2009
"108","1219322","1",78,1,1,1,16,149900,3,0,1.010207,"9",2012
"109","1406417","1",40,2,1,1,19,56600,1,0,1.018237,"12",2011
"110","29761","1",44,2,1,1,22,143000,2,0,1.018237,"9",2011
"111","730047","1",20,1,1,2,6,24000,0,0,1.018389,"12",2008
"112","1095615","1",86,2,1,4,9,32000,1,0,1.007624,"12",2010
"113","1353856","2",53,1,1,1,16,186000,3,1,1.018237,"9",2011
"114","569618","1",70,1,2,1,15,64600,2,0,1.010207,"12",2012
"115","86197","4",13,1,1,1,12,40060,3,2,1.007624,"9",2010
"116","916238","1",49,2,2,1,17,53000,1,0,1.018389,"12",2008
"117","654445","10",2,2,8,2,0,119700,5,7,1.007624,"12",2010
"118","360773","3",20,1,1,1,19,59060,3,2,1.007549,"12",2013
"119","587176","3",13,2,9,1,11,75000,2,2,1.007624,"12",2010
"120","762222","2",54,2,9,5,18,115500,1,6,1.018237,"12",2011
"121","271547","4",18,1,1,1,7,146900,5,2,1.016787,"12",2007
"122","1281061","1",75,2,2,4,16,27600,2,0,1.018237,"12",2011
"123","39496","1",38,1,1,1,19,135000,2,0,1.007549,"12",2013
"124","2017000326846","5",13,2,1,1,10,246000,2,2,1.011189,"09",2017
"125","676187","2",40,2,1,1,16,110000,1,1,1.007549,"12",2013
"126","785931","6",11,2,2,1,8,69300,1,7,1.008425,"12",2014
"127","776784","3",17,1,8,7,14,105000,2,2,1.007624,"9",2010
"128","712591","1",72,1,2,1,16,16800,1,0,1.008425,"12",2014
"129","1241950","2",75,2,1,1,18,20200,2,1,1.010207,"12",2012
"130","2017000165994","1",88,1,1,4,11,17710,1,0,1.011189,"12",2017
"131","861845","2",72,1,1,1,17,63800,3,1,1.007549,"12",2013
"132","2017001010552","1",42,1,2,1,19,45000,1,0,1.011189,"12",2017
"133","588545","1",57,2,1,1,23,125800,2,0,1.007624,"12",2010
"134","300302","1",70,2,2,1,8,24000,1,0,1.015675,"12",2006
"135","1032394","1",57,1,1,1,13,57120,2,0,1.015675,"12",2006
"136","568803","2",63,2,1,1,18,74400,2,1,1.008425,"12",2014
"137","849248","1",57,1,1,1,14,28000,1,0,1.018237,"12",2011
"138","937364","2",71,2,1,1,18,87800,3,1,1.008425,"12",2014
"139","2017000975272","3",9,2,1,3,5,73600,3,7,1.011189,"12",2017
"140","753193","1",38,2,1,1,14,92500,2,0,1.016787,"12",2007
"141","2017000411297","4",13,2,1,1,10,106400,3,2,1.011189,"12",2017
"142","514260","1",85,1,1,1,21,66500,2,0,1.018389,"12",2008
"143","976530","1",66,1,1,4,21,46390,2,0,1.018389,"12",2008
"144","1085384","2",74,1,1,1,18,20700,1,1,1.018237,"12",2011
"145","768265","1",47,2,1,1,11,9000,1,0,1.015675,"12",2006
"146","678696","6",24,2,8,2,20,33200,2,15,0.99948,"12",2009
"147","1114535","3",17,2,1,1,14,80000,3,2,0.99948,"12",2009
"148","1318970","1",79,1,1,1,14,49400,1,0,1.016787,"12",2007
"149","789063","4",11,1,1,4,2,38900,2,2,1.016787,"12",2007
"150","1242665","2",18,1,1,1,9,12800,2,2,1.016787,"12",2007
"151","2017001308807","1",49,2,1,1,22,157000,3,0,1.011189,"09",2017
"152","770488","1",38,2,6,1,22,104800,1,0,0.99948,"12",2009
"153","2017000227214","2",74,2,1,1,21,90100,2,1,1.011189,"12",2017
"154","507958","3",9,1,2,1,6,26100,4,2,1.010207,"12",2012
"155","000328129","1",72,2,1,1,18,82500,2,0,1.007588,"12",2016
"156","294212","5",44,1,1,1,20,57000,3,15,1.018237,"12",2011
"157","1133876","1",59,2,2,1,24,76600,3,0,1.018237,"12",2011
"158","238871","1",44,1,1,1,16,55000,1,0,1.007549,"12",2013
"159","855067","1",32,1,1,3,13,157380,2,0,1.016787,"12",2007
"160","406185","2",58,2,1,1,19,38700,3,1,1.018389,"12",2008
"161","792922","3",29,1,2,1,19,78200,2,7,1.008425,"9",2014
"162","718921","1",81,2,1,1,11,-60000,-1,16,1.008425,"12",2014
"163","2017001273161","2",46,2,1,1,16,113600,3,1,1.011189,"09",2017
"164","1380225","4",1,1,9,10,0,74400,2,2,1.007549,"12",2013
"165","192339","2",46,2,2,1,19,71600,2,7,1.007549,"12",2013
"166","1064645","4",5,2,1,1,2,28300,1,7,1.007624,"12",2010
"167","672835","2",65,2,1,1,19,82800,2,1,1.010207,"12",2012
"168","145970","4",8,1,1,1,4,41300,2,2,0.99948,"12",2009
"169","606054","2",16,1,1,1,6,35000,4,2,1.015675,"12",2006
"170","75837","3",22,1,1,1,11,174300,3,2,1.015675,"12",2006
"171","84356","2",47,2,1,3,8,36800,1,1,1.015675,"9",2006
"172","32430","1",60,2,1,1,18,66600,2,0,1.007549,"9",2013
"173","1226059","2",66,2,1,1,20,210811,3,1,1.010207,"12",2012
"174","460687","3",12,1,1,1,9,8130,1,2,1.018237,"12",2011
"175","442549","1",44,1,1,1,11,55000,1,0,1.016787,"12",2007
"176","536054","1",52,1,1,1,14,124000,1,0,1.015675,"12",2006
"177","1161795","3",13,1,1,1,10,257000,4,2,0.99948,"12",2009
"178","366360","1",72,1,1,1,16,23000,1,0,1.008425,"9",2014
"179","000509555","3",66,2,8,1,23,5000,1,6,1.007588,"12",2016
"180","1203452","2",63,2,1,1,22,110200,2,1,1.007624,"12",2010
"181","000403882","2",72,1,1,1,16,42000,1,1,1.007588,"12",2016
"182","000176207","5",15,1,1,1,12,36400,1,4,1.007588,"12",2016
"183","547877","1",91,1,1,1,11,9000,1,0,1.008425,"12",2014
"184","2017001469076","1",53,1,2,1,17,-60000,NA,16,1.011189,"12",2017
"185","1374916","4",10,1,1,1,7,303001,2,2,1.008425,"9",2014
"186","928479","3",23,2,9,1,13,138000,2,2,1.016787,"12",2007
"187","810203","1",78,1,1,1,16,40500,1,0,1.007549,"9",2013
"188","1336330","2",53,2,1,1,18,132001,2,1,1.018237,"9",2011
"189","1364539","2",72,2,1,4,16,43500,2,1,1.010207,"12",2012
"190","1107043","1",19,1,1,1,8,-59999,-1,14,1.016787,"12",2007
"191","178508","1",59,1,1,1,22,226000,3,0,1.007549,"12",2013
"192","1306730","1",42,1,2,1,20,46200,2,0,0.99948,"12",2009
"193","457730","1",58,1,1,1,16,-60000,-1,16,1.018237,"12",2011
"194","925302","1",48,2,1,1,13,105000,2,0,1.016787,"12",2007
"195","694691","1",56,1,1,1,9,75900,2,0,1.016787,"9",2007
"196","1270254","1",94,2,1,1,19,-60000,-1,16,1.018237,"9",2011
"197","866074","1",51,1,2,1,14,94600,2,0,1.016787,"12",2007
"198","2017001492518","1",20,1,2,1,16,-60000,NA,16,1.011189,"12",2017
"199","1366926","1",59,1,1,1,12,112400,2,0,1.016787,"12",2007
"200","1231361","1",79,1,1,1,19,49700,3,0,1.007549,"12",2013
"201","1070892","2",7,1,1,2,4,64300,1,2,1.010207,"12",2012
"202","17912","2",57,2,1,1,13,25000,2,2,1.007624,"12",2010
"203","79969","1",35,2,8,2,13,26500,1,0,1.015675,"12",2006
"204","103665","1",41,1,1,1,4,-60000,-1,17,1.018389,"9",2008
"205","1071635","1",66,1,1,1,22,155000,1,0,1.010207,"9",2012
"206","691483","1",82,2,1,1,16,61900,1,0,1.008425,"12",2014
"207","691145","1",81,2,1,1,15,13000,1,0,1.010207,"12",2012
"208","1207034","2",81,1,1,1,22,80900,1,1,1.001264,"12",2015
"209","179944","1",32,1,1,1,16,25400,4,0,1.007624,"12",2010
"210","1151678","1",87,2,1,1,9,-59999,-1,13,1.016787,"12",2007
"211","1037074","1",80,1,1,1,13,-60000,-1,13,1.015675,"12",2006
"212","1232860","1",57,2,9,1,10,68650,1,0,1.016787,"9",2007
"213","143588","3",49,2,1,1,20,72400,2,2,1.010207,"12",2012
"214","1005213","1",28,1,1,11,16,18700,1,0,0.99948,"12",2009
"215","4744","3",2,2,1,1,0,234000,3,7,1.007549,"9",2013
"216","861208","2",55,2,2,1,19,54900,1,1,1.007624,"12",2010
"217","1441329","1",50,2,6,1,22,230200,2,0,1.007549,"12",2013
"218","1135360","2",60,2,1,1,21,81600,2,1,1.018389,"12",2008
"219","2017000684420","4",11,2,1,3,8,120000,3,2,1.011189,"12",2017
"220","493818","4",45,1,1,1,9,39500,1,2,1.007549,"9",2013
"221","477391","3",2,1,1,1,0,1e+05,2,2,1.008425,"9",2014
"222","360456","4",12,1,1,1,3,194030,3,2,1.016787,"12",2007
"223","1318302","3",7,1,2,1,4,72600,2,2,1.007624,"12",2010
"224","353326","4",15,2,1,1,4,10000,1,2,1.015675,"12",2006
"225","1044738","2",35,2,6,1,21,296000,3,1,1.018389,"9",2008
"226","1161369","2",36,2,2,1,21,51000,2,1,0.99948,"12",2009
"227","001210967","1",33,2,1,1,21,93000,2,0,1.007588,"12",2016
"228","1204543","2",52,1,1,1,16,82500,2,1,1.008425,"9",2014
"229","2017001045368","1",44,2,1,1,21,104500,2,0,1.011189,"12",2017
"230","190860","2",50,2,1,2,18,72000,2,12,1.018237,"12",2011
"231","429773","2",65,2,1,1,16,43500,1,1,1.018389,"12",2008
"232","573462","1",87,2,1,16,13,28200,0,0,1.010207,"12",2012
"233","280719","2",83,1,1,1,16,67200,2,13,1.010207,"12",2012
"234","1309270","3",25,2,1,3,19,71000,3,2,1.007624,"12",2010
"235","000917375","1",53,2,2,1,16,33600,3,0,1.007588,"12",2016
"236","2017000056192","6",30,1,1,1,20,79600,3,9,1.011189,"12",2017
"237","802845","3",3,2,8,5,1,18000,0,2,1.016787,"12",2007
"238","566971","2",50,1,1,1,20,204000,2,1,1.007624,"9",2010
"239","305806","2",50,2,1,1,5,23000,1,2,1.015675,"12",2006
"240","1090892","1",57,1,1,1,13,-60000,-1,16,1.010207,"12",2012
"241","830613","1",55,2,1,1,18,51300,0,0,1.007549,"12",2013
"242","878247","1",49,2,2,1,16,23000,0,0,1.007624,"12",2010
"243","1459798","1",78,1,1,1,16,30000,2,0,1.007549,"12",2013
"244","1036397","1",41,2,1,1,21,130000,2,0,1.008425,"9",2014
"245","820507","1",33,2,1,1,12,70000,3,0,1.015675,"12",2006
"246","696918","1",61,1,1,1,14,238000,2,0,1.016787,"12",2007
"247","630716","2",55,2,1,1,9,11200,1,10,1.016787,"9",2007
"248","546726","3",24,2,1,4,16,24500,2,13,1.018237,"12",2011
"249","539256","1",41,1,1,1,13,180000,2,0,1.016787,"12",2007
"250","1082168","1",90,2,1,1,16,13200,1,0,1.001264,"12",2015
"251","1361675","3",25,2,2,9,21,64600,3,2,0.99948,"12",2009
"252","698412","1",65,1,1,1,21,112900,3,0,1.008425,"12",2014
"253","623354","1",87,2,1,1,16,16600,1,0,1.010207,"9",2012
"254","1434060","2",31,2,1,1,21,55600,1,1,1.010207,"12",2012
"255","000436631","2",4,2,1,1,1,11000,1,2,1.007588,"12",2016
"256","1383412","2",51,2,1,1,16,53500,3,1,1.008425,"12",2014
"257","000544441","1",84,1,1,1,22,33300,1,0,1.007588,"12",2016
"258","592278","1",67,1,6,1,15,204220,2,0,1.016787,"9",2007
"259","252855","1",74,1,1,1,21,20200,1,0,1.018389,"12",2008
"260","2017000415349","2",39,1,2,1,16,80000,2,1,1.011189,"12",2017
"261","855596","5",11,2,1,1,3,114900,3,2,1.015675,"12",2006
"262","486370","2",58,2,1,1,20,106490,2,1,1.008425,"12",2014
"263","871945","1",50,2,1,1,12,30110,2,0,1.016787,"12",2007
"264","725885","4",19,1,1,4,19,2e+05,3,2,1.007624,"12",2010
"265","894979","4",16,2,1,1,6,78500,2,2,1.015675,"12",2006
"266","000118761","2",85,2,1,1,22,26000,1,1,1.007588,"12",2016
"267","809204","4",13,2,1,1,9,80830,2,2,1.018389,"12",2008
"268","973352","5",14,2,1,1,11,45900,2,2,1.007549,"12",2013
"269","000216035","1",64,2,1,1,23,384000,1,0,1.007588,"12",2016
"270","1081667","1",66,1,1,1,16,49400,1,0,1.018237,"12",2011
"271","1191917","1",18,1,2,1,18,-60000,-1,17,1.010207,"12",2012
"272","1397619","4",18,1,1,1,14,75000,4,2,1.007549,"12",2013
"273","000548656","2",63,1,1,1,16,45000,2,1,1.007588,"12",2016
"274","342572","2",21,2,2,1,19,5500,1,2,1.010207,"12",2012
"275","851236","3",4,1,1,1,1,114000,2,2,1.007624,"12",2010
"276","1032948","2",36,2,1,1,21,94050,2,1,1.018389,"12",2008
"277","2017001358114","2",70,2,1,1,13,36700,1,1,1.011189,"12",2017
"278","1034291","2",16,1,1,1,13,124000,2,2,1.007624,"12",2010
"279","397873","1",19,2,1,1,19,-60000,-1,17,1.001264,"12",2015
"280","237471","2",71,2,1,1,22,149400,2,1,1.007624,"9",2010
"281","001410598","2",44,2,1,1,20,110000,2,13,1.007588,"12",2016
"282","698901","1",57,2,1,1,19,-60000,-1,16,1.018237,"12",2011
"283","000087110","2",72,2,1,1,19,50300,2,1,1.007588,"9",2016
"284","907492","2",60,2,2,1,13,37000,0,1,1.008425,"12",2014
"285","980927","1",35,2,1,1,22,60000,2,0,1.001264,"12",2015
"286","499455","2",14,1,1,23,4,13000,1,2,1.016787,"12",2007
"287","260935","3",11,2,2,1,8,35300,1,2,1.010207,"12",2012
"288","785760","2",49,1,1,1,21,110000,2,12,1.018389,"12",2008
"289","2017000105480","2",68,1,1,1,21,95500,2,1,1.011189,"12",2017
"290","2017001195385","1",32,1,1,1,21,173000,4,0,1.011189,"09",2017
"291","1312030","2",56,1,2,1,10,46000,3,2,1.015675,"12",2006
"292","571836","3",22,2,1,1,21,144000,3,2,1.001264,"12",2015
"293","2017001168575","2",79,2,1,1,21,23600,2,1,1.011189,"12",2017
"294","2017000592431","2",44,2,1,1,21,140000,2,1,1.011189,"09",2017
"295","2017001087580","2",54,1,1,1,19,86000,4,1,1.011189,"12",2017
"296","718314","2",40,2,1,1,20,118900,2,1,1.018389,"12",2008
"297","1402201","1",84,1,1,1,20,238600,1,0,1.008425,"12",2014
"298","157137","4",15,2,2,1,13,143000,2,4,1.018237,"9",2011
"299","902438","1",36,2,1,1,22,46900,1,0,1.018389,"12",2008
"300","2017000339446","1",77,2,1,3,21,10000,0,0,1.011189,"12",2017
"301","139681","1",85,2,1,1,19,12100,0,0,1.018389,"12",2008
"302","850564","4",15,1,6,1,12,124000,3,2,1.007624,"12",2010
"303","1319770","1",79,1,1,1,9,19000,1,0,1.016787,"9",2007
"304","685916","2",56,1,1,1,19,35200,2,1,1.008425,"12",2014
"305","1390234","2",76,1,1,1,21,38000,2,15,1.007549,"12",2013
"306","94162","2",51,2,1,1,16,181000,2,1,1.007624,"12",2010
"307","2017001281595","3",11,2,1,1,8,85900,1,2,1.011189,"12",2017
"308","711054","2",52,1,1,1,8,29590,1,2,1.007624,"12",2010
"309","2017001053509","4",13,2,1,4,10,90000,3,2,1.011189,"12",2017
"310","565295","3",20,2,1,1,16,141300,3,2,1.018237,"12",2011
"311","001019160","4",11,1,1,1,8,156200,3,2,1.007588,"12",2016
"312","287074","2",42,1,1,1,19,36000,2,1,1.008425,"12",2014
"313","1209560","1",66,2,1,1,9,19500,1,0,1.016787,"12",2007
"314","500837","5",11,2,1,1,7,62500,3,2,1.007624,"12",2010
"315","415956","2",48,1,2,1,20,154000,1,1,1.007549,"9",2013
"316","932026","1",21,2,1,1,19,0,2,0,1.008425,"12",2014
"317","497631","2",44,1,1,1,1,71500,3,12,1.008425,"12",2014
"318","2017000756743","1",36,1,1,1,18,38000,2,0,1.011189,"12",2017
"319","001423455","1",58,1,1,1,23,192000,1,0,1.007588,"12",2016
"320","155867","3",5,1,1,1,2,216500,2,2,1.010207,"9",2012
"321","810576","4",10,2,1,2,6,42600,2,10,1.001264,"12",2015
"322","70095","1",75,2,1,4,10,15400,0,0,1.007624,"12",2010
"323","1510039","4",4,1,1,1,1,81000,3,2,1.001264,"12",2015
"324","372661","3",11,2,1,1,7,110000,4,2,1.010207,"12",2012
"325","001506129","2",54,1,1,1,21,175000,2,1,1.007588,"12",2016
"326","827641","2",57,2,1,1,22,135520,2,1,0.99948,"12",2009
"327","609385","3",27,1,1,1,16,65900,3,2,1.008425,"12",2014
"328","758361","1",49,2,9,4,23,203500,4,0,1.018389,"12",2008
"329","294436","3",22,1,1,1,19,365500,4,2,1.018389,"9",2008
"330","90065","4",8,1,2,1,2,55200,1,5,1.015675,"12",2006
"331","181212","2",58,2,1,1,18,34400,2,6,1.007624,"12",2010
"332","311016","2",94,2,1,1,1,47700,4,6,1.008425,"12",2014
"333","000087581","2",16,2,2,1,14,56800,2,2,1.007588,"12",2016
"334","109404","4",6,1,1,1,3,137000,2,2,1.008425,"9",2014
"335","2017000576601","1",60,1,1,1,19,58000,2,0,1.011189,"12",2017
"336","289120","2",60,2,1,1,19,183600,4,1,1.001264,"9",2015
"337","598577","1",54,2,1,1,16,45600,1,0,1.007624,"9",2010
"338","515132","3",10,2,1,1,7,52500,2,2,1.008425,"12",2014
"339","1035269","1",94,2,1,4,24,22200,0,0,1.008425,"12",2014
"340","267650","1",58,1,1,1,15,78000,2,0,0.99948,"12",2009
"341","86791","1",72,1,1,1,9,29000,3,0,1.015675,"9",2006
"342","1206274","1",38,2,1,1,16,35000,2,0,1.010207,"12",2012
"343","443524","1",71,1,1,1,12,51700,2,0,1.016787,"12",2007
"344","001160661","1",53,2,1,1,19,52000,4,0,1.007588,"12",2016
"345","1116474","1",40,2,2,1,19,14400,1,0,1.010207,"12",2012
"346","777106","1",82,2,1,1,9,-59999,-1,13,1.016787,"9",2007
"347","1062575","2",66,2,1,1,16,27000,1,1,1.018237,"12",2011
"348","1282473","2",74,1,1,1,16,35000,1,1,1.007549,"12",2013
"349","1464628","4",7,1,2,1,4,96400,2,2,1.001264,"12",2015
"350","366575","2",28,1,1,1,16,94700,4,2,1.001264,"9",2015
"351","1463210","1",75,2,1,1,19,10340,0,0,1.007549,"12",2013
"352","112399","2",67,2,1,1,22,209500,2,13,1.007624,"12",2010
"353","165272","1",19,1,1,1,19,-60000,-1,17,1.008425,"12",2014
"354","567283","1",43,1,1,3,16,75000,3,0,1.001264,"12",2015
"355","1352813","1",57,1,1,1,19,98500,3,0,1.007624,"9",2010
"356","1372926","5",12,1,1,9,9,48100,5,7,1.010207,"12",2012
"357","770999","3",42,1,6,1,21,128301,2,2,1.008425,"12",2014
"358","476777","1",61,2,2,1,19,70000,1,0,1.010207,"12",2012
"359","2017000291351","3",6,1,1,4,2,3e+05,3,2,1.011189,"12",2017
"360","786511","1",73,2,2,1,16,43180,1,0,0.99948,"12",2009
"361","000516317","1",68,1,1,2,21,8000,1,0,1.007588,"12",2016
"362","169220","2",35,2,2,1,22,40000,2,1,1.007549,"12",2013
"363","2017001342155","3",69,2,1,1,16,22000,2,6,1.011189,"12",2017
"364","001201622","2",71,2,1,1,22,88100,1,1,1.007588,"12",2016
"365","1185811","2",74,2,1,1,17,60300,1,1,1.008425,"12",2014
"366","000311183","1",81,2,1,1,16,53960,1,0,1.007588,"12",2016
"367","158202","2",61,1,2,1,20,80000,3,1,1.010207,"12",2012
"368","1007502","1",76,1,1,1,16,33000,1,0,1.008425,"12",2014
"369","709322","5",8,1,1,3,6,116400,3,2,1.010207,"12",2012
"370","130873","2",31,2,1,1,18,44000,2,1,0.99948,"12",2009
"371","1219338","1",61,1,1,17,21,36400,3,0,1.018389,"12",2008
"372","498613","4",4,2,1,1,1,31200,2,2,1.018237,"12",2011
"373","1270372","2",26,2,1,1,21,75000,3,13,0.99948,"12",2009
"374","2017000191458","4",18,1,1,1,19,129300,4,2,1.011189,"12",2017
"375","1155903","2",38,1,1,3,17,140000,2,1,1.007624,"9",2010
"376","1224833","2",39,1,1,1,18,56000,3,5,1.018389,"12",2008
"377","695276","2",32,2,1,1,22,192000,2,13,1.007549,"12",2013
"378","565969","2",68,2,1,1,10,32700,1,1,1.016787,"12",2007
"379","391018","5",60,2,1,1,9,86600,3,4,1.016787,"12",2007
"380","811423","3",22,1,1,3,9,88400,2,12,1.016787,"9",2007
"381","1367978","1",79,1,1,1,22,26900,1,0,1.018237,"12",2011
"382","551331","2",14,1,1,1,4,47600,3,2,1.015675,"12",2006
"383","1465154","2",50,1,2,1,19,1e+05,2,1,1.010207,"12",2012
"384","237977","3",5,1,8,2,2,101000,2,2,1.016787,"12",2007
"385","97793","2",13,2,1,1,11,53000,1,2,1.018389,"12",2008
"386","634229","1",78,2,1,4,15,240000,4,0,1.001264,"12",2015
"387","1349059","2",34,2,1,1,12,132000,2,1,1.016787,"12",2007
"388","937983","1",85,2,1,1,16,12100,1,0,1.018389,"12",2008
"389","268021","4",14,2,1,1,11,44800,2,2,1.001264,"12",2015
"390","1245225","2",60,2,1,1,15,68500,3,1,1.001264,"12",2015
"391","165149","2",42,2,1,1,13,95000,2,1,1.015675,"12",2006
"392","001150488","1",49,2,6,1,16,1e+05,2,0,1.007588,"9",2016
"393","36154","2",36,1,1,1,19,31700,2,7,1.007549,"12",2013
"394","938336","3",6,2,1,1,3,61000,2,2,0.99948,"12",2009
"395","745622","3",25,2,1,1,19,97200,3,12,1.007549,"12",2013
"396","5473","1",72,2,1,1,15,35400,1,0,0.99948,"12",2009
"397","716626","11",15,1,1,2,10,50100,4,10,1.007549,"12",2013
"398","2017001390046","1",89,1,1,1,18,-60000,NA,16,1.011189,"09",2017
"399","232570","3",14,2,1,1,11,38000,2,2,1.018237,"12",2011
"400","11558","1",48,2,1,1,19,5700,1,0,1.010207,"12",2012
"401","784844","2",53,1,1,1,16,33000,3,1,1.007624,"12",2010
"402","648537","1",89,2,1,1,9,41000,1,0,1.015675,"12",2006
"403","1190330","1",45,1,1,4,12,69300,3,0,1.016787,"12",2007
"404","485858","1",87,2,1,1,21,29600,1,0,1.018389,"12",2008
"405","326555","1",60,1,2,1,18,-60000,-1,16,1.007549,"12",2013
"406","244402","1",29,2,1,1,19,15000,1,0,1.001264,"12",2015
"407","998903","6",3,2,1,1,1,82500,3,5,1.015675,"12",2006
"408","1225815","1",31,2,1,1,21,57000,2,0,1.010207,"12",2012
"409","5264","2",57,2,1,1,16,50910,3,1,0.99948,"12",2009
"410","1197184","2",32,1,2,1,16,87000,0,2,1.018389,"12",2008
"411","59428","4",17,1,1,1,16,132300,4,2,1.010207,"12",2012
"412","1336955","1",85,1,1,1,11,35400,1,0,1.015675,"12",2006
"413","855996","2",33,2,1,1,21,62000,2,1,1.008425,"12",2014
"414","375030","1",73,1,1,1,14,246520,1,0,1.016787,"12",2007
"415","877680","2",22,1,2,1,16,53200,2,2,1.010207,"12",2012
"416","169437","2",51,2,1,4,13,188000,5,1,1.016787,"12",2007
"417","2017000051045","1",43,2,5,1,17,110000,3,0,1.011189,"12",2017
"418","1336316","1",71,1,1,1,22,73900,2,0,1.018237,"12",2011
"419","333930","1",63,1,1,1,9,50200,1,0,1.015675,"12",2006
"420","953005","2",44,2,6,1,19,37000,2,1,1.018389,"12",2008
"421","339429","3",68,1,1,1,16,68400,2,15,1.018237,"12",2011
"422","361620","4",11,1,8,2,8,55000,2,2,1.008425,"12",2014
"423","395267","3",54,2,1,1,19,154300,4,2,1.007624,"9",2010
"424","921596","2",43,2,1,4,16,5200,1,2,1.007549,"12",2013
"425","148386","1",80,2,1,1,16,9600,1,0,1.008425,"12",2014
"426","845862","1",89,2,2,1,9,7900,0,0,1.018237,"12",2011
"427","792849","2",67,2,1,1,9,39100,1,1,1.016787,"9",2007
"428","762317","2",61,2,1,1,16,149380,0,1,1.008425,"12",2014
"429","1247651","1",61,1,2,1,20,66500,3,0,1.018237,"12",2011
"430","1308061","3",21,2,1,9,19,112820,2,2,1.018237,"12",2011
"431","189969","1",68,1,1,1,19,51100,2,0,0.99948,"12",2009
"432","169168","1",61,2,1,1,20,10000,1,0,1.010207,"12",2012
"433","596401","1",35,1,1,1,22,196000,2,0,1.007549,"12",2013
"434","357645","1",22,1,1,1,18,-60000,-1,17,1.018237,"9",2011
"435","562580","2",62,2,1,1,20,129000,2,1,0.99948,"12",2009
"436","774431","6",60,1,2,1,16,128300,1,9,1.010207,"12",2012
"437","476140","3",1,2,1,1,0,136000,2,2,1.018389,"12",2008
"438","1491468","3",6,1,1,1,2,150000,2,2,1.007549,"12",2013
"439","1218825","1",51,2,1,1,16,4000,1,0,0.99948,"12",2009
"440","885573","2",81,2,1,1,19,17300,2,1,1.018389,"12",2008
"441","369034","1",48,1,1,1,18,72000,2,0,1.018237,"12",2011
"442","362025","1",33,1,1,1,21,55000,2,0,1.001264,"12",2015
"443","2017000457522","1",61,2,1,1,20,82000,1,0,1.011189,"12",2017
"444","405899","1",56,1,1,4,16,100100,2,0,1.018237,"12",2011
"445","619947","2",82,1,1,1,6,45000,2,4,1.015675,"12",2006
"446","000447964","3",17,1,1,4,12,35600,3,2,1.007588,"12",2016
"447","000773593","4",0,1,1,1,0,88000,2,2,1.007588,"12",2016
"448","440411","4",27,2,1,1,19,95630,4,13,1.007549,"12",2013
"449","855807","3",9,2,1,1,7,37000,1,2,1.007549,"12",2013
"450","000068050","2",48,2,8,7,19,114400,2,1,1.007588,"9",2016
"451","1461980","1",59,1,1,1,20,88500,2,0,1.007549,"12",2013
"452","446613","2",39,2,1,1,22,126000,2,1,1.018389,"12",2008
"453","150508","4",8,2,1,2,5,40000,2,2,1.010207,"12",2012
"454","342609","2",24,1,2,1,16,52000,1,5,1.007624,"12",2010
"455","473648","2",17,1,1,1,14,8400,2,2,1.010207,"12",2012
"456","397326","1",73,2,1,1,22,32590,1,0,1.007549,"12",2013
"457","945782","1",82,1,1,1,20,34200,2,0,1.010207,"12",2012
"458","491527","2",58,2,1,1,22,194000,5,1,1.007549,"12",2013
"459","337170","1",74,2,2,2,11,31000,2,0,0.99948,"12",2009
"460","476783","1",66,1,1,1,18,26300,1,0,1.018237,"12",2011
"461","1091701","1",67,2,2,1,21,2000,1,0,1.008425,"12",2014
"462","893599","3",0,1,1,1,0,77200,2,2,1.016787,"12",2007
"463","1008623","1",55,2,1,1,13,12900,1,0,1.007549,"12",2013
"464","717794","1",40,2,2,1,11,135000,2,0,1.016787,"12",2007
"465","1177901","2",8,2,1,3,5,21600,1,2,0.99948,"12",2009
"466","730243","1",48,1,1,1,4,80000,4,0,1.015675,"9",2006
"467","1260562","1",50,1,1,1,16,58000,3,0,1.018389,"12",2008
"468","642959","2",55,1,1,1,20,77000,2,1,1.001264,"9",2015
"469","1180311","1",41,1,1,1,10,4300,1,0,1.015675,"12",2006
"470","180627","2",50,2,1,3,13,21200,2,2,1.015675,"12",2006
"471","1454768","1",28,2,1,3,21,25000,1,0,1.008425,"12",2014
"472","111574","1",34,1,6,1,21,130000,3,0,0.99948,"9",2009
"473","46183","3",11,1,1,1,3,96000,2,2,1.015675,"12",2006
"474","415936","3",10,1,2,1,6,0,0,2,1.007624,"9",2010
"475","1015160","1",28,2,1,1,20,32000,1,0,0.99948,"12",2009
"476","2017000710117","5",5,1,1,1,1,66200,1,7,1.011189,"12",2017
"477","1322446","3",19,1,1,1,13,76000,4,2,1.018389,"12",2008
"478","2017001087610","1",61,2,1,1,21,118000,1,0,1.011189,"12",2017
"479","658975","2",51,2,1,1,9,161000,3,1,1.016787,"12",2007
"480","295016","4",36,1,1,3,19,38000,1,13,1.008425,"12",2014
"481","835888","2",68,2,1,1,16,110150,4,1,1.018389,"12",2008
"482","747783","3",16,2,6,1,14,261000,3,2,0.99948,"9",2009
"483","43747","2",56,1,1,1,14,146000,3,1,1.015675,"9",2006
"484","1312475","5",15,1,2,1,11,104600,2,7,1.001264,"12",2015
"485","180525","2",84,2,1,1,13,387000,2,1,1.015675,"12",2006
"486","22867","2",6,1,1,1,4,30000,1,2,1.018237,"12",2011
"487","383760","1",21,2,1,1,12,22000,1,0,1.015675,"12",2006
"488","262430","4",14,2,1,1,11,36000,3,2,1.007624,"12",2010
"489","1028771","3",15,1,1,1,5,94800,1,2,1.016787,"12",2007
"490","001339501","1",54,1,1,1,14,61600,0,0,1.007588,"9",2016
"491","72025","1",65,1,1,1,21,54000,2,0,1.010207,"12",2012
"492","1257404","2",68,1,1,1,21,105000,2,1,1.007549,"12",2013
"493","1283629","2",82,2,1,1,19,187400,1,13,1.007624,"12",2010
"494","1209124","2",8,2,1,21,5,27000,3,2,1.018389,"12",2008
"495","2064","1",77,1,1,1,9,39400,2,0,1.016787,"12",2007
"496","1110561","2",33,1,8,4,13,31500,2,6,1.015675,"12",2006
"497","878065","2",27,2,1,1,20,53000,2,1,1.008425,"12",2014
"498","844844","3",87,2,1,16,14,88000,3,6,1.008425,"9",2014
"499","502601","1",59,2,1,1,20,91000,3,0,1.001264,"12",2015
"500","1305913","2",29,1,1,1,10,93950,3,1,1.015675,"12",2006
"501","469214","1",70,2,2,1,14,8600,0,0,1.010207,"12",2012
"502","98924","3",22,2,1,1,11,96400,4,2,1.016787,"9",2007
"503","1138312","2",29,2,6,1,15,120100,2,1,1.016787,"12",2007
"504","66641","2",57,2,1,1,21,60000,2,1,1.007549,"12",2013
"505","826380","1",65,2,1,1,21,25200,1,0,1.018389,"12",2008
"506","000039711","2",80,1,1,1,21,36000,1,1,1.007588,"12",2016
"507","152626","2",32,2,1,1,21,74390,1,1,1.001264,"9",2015
"508","000217161","4",12,1,1,1,8,68200,2,4,1.007588,"12",2016
"509","1337368","1",60,1,1,1,21,20200,1,0,1.010207,"12",2012
"510","721807","1",71,1,1,1,11,28600,2,0,1.015675,"12",2006
"511","81310","2",71,2,1,1,21,76000,2,1,1.018237,"12",2011
"512","1269888","1",93,2,1,1,21,33600,1,0,1.010207,"12",2012
"513","349203","1",29,1,1,1,19,49000,2,0,1.001264,"12",2015
"514","25571","1",42,1,1,2,12,-60000,-1,16,1.018237,"12",2011
"515","1239369","1",49,1,1,1,13,15400,2,0,1.007624,"12",2010
"516","556959","2",70,2,1,1,16,42400,3,12,1.001264,"9",2015
"517","000035742","2",59,2,1,1,20,198000,3,1,1.007588,"9",2016
"518","336286","4",6,1,1,1,2,57000,3,2,1.015675,"12",2006
"519","101195","1",51,1,1,1,9,0,1,0,1.016787,"12",2007
"520","1360265","1",29,1,1,1,21,67000,2,0,1.007624,"12",2010
"521","1018689","2",32,2,1,1,15,10000,2,1,1.007624,"12",2010
"522","714112","2",64,2,8,3,9,56200,3,1,1.015675,"12",2006
"523","669897","1",36,1,1,1,20,72100,2,0,1.010207,"12",2012
"524","000456834","2",51,1,1,1,16,13000,2,15,1.007588,"12",2016
"525","000717118","1",48,1,1,1,23,543000,2,0,1.007588,"12",2016
"526","1130941","1",81,1,1,1,20,-60000,-1,16,1.007549,"12",2013
"527","699096","2",49,2,1,1,13,160000,2,1,1.015675,"12",2006
"528","1016267","4",7,1,1,1,5,31900,3,15,1.018389,"12",2008
"529","325332","1",47,1,1,1,22,160000,2,0,1.018389,"9",2008
"530","1282747","1",63,2,1,1,18,26600,1,0,1.007624,"9",2010
"531","1254363","1",61,1,1,3,16,36400,1,0,1.007549,"12",2013
"532","2017000794220","1",57,2,1,1,19,33800,1,0,1.011189,"09",2017
"533","000338368","1",29,1,1,7,9,60170,0,0,1.007588,"12",2016
"534","101206","5",20,2,1,1,18,75300,3,2,1.007624,"9",2010
"535","286232","1",48,1,1,1,21,27500,3,0,1.010207,"9",2012
"536","1283346","1",78,1,1,1,21,10400,1,0,1.010207,"12",2012
"537","1253657","1",31,1,2,1,11,65000,2,0,1.016787,"12",2007
"538","1096406","4",9,2,9,1,6,145000,2,2,1.001264,"12",2015
"539","128336","2",84,2,1,1,16,38200,1,1,1.007549,"12",2013
"540","914220","2",28,2,1,3,19,55000,2,1,1.018389,"12",2008
"541","1433434","4",1,2,1,1,0,151000,2,2,1.010207,"12",2012
"542","1197672","3",32,1,1,4,22,186500,5,2,1.010207,"12",2012
"543","1017060","2",50,1,1,1,9,136400,2,1,1.016787,"12",2007
"544","1023561","2",54,1,1,1,11,144000,2,1,1.016787,"12",2007
"545","446613","4",4,1,1,1,1,126000,2,2,1.018389,"12",2008
"546","1260271","1",65,1,1,1,16,50300,2,0,1.008425,"12",2014
"547","1007247","1",71,1,2,1,21,104500,3,0,1.008425,"12",2014
"548","246255","2",51,2,1,4,16,28800,1,5,1.018237,"12",2011
"549","748803","1",82,2,1,1,17,23400,1,0,0.99948,"9",2009
"550","881927","3",17,2,1,24,16,67500,2,2,1.018237,"12",2011
"551","598144","1",58,1,1,1,16,60000,2,0,1.008425,"9",2014
"552","478861","1",72,2,2,1,17,53800,1,0,0.99948,"12",2009
"553","2017000191910","2",84,2,1,4,10,35600,1,1,1.011189,"12",2017
"554","2017001138370","1",48,2,2,1,19,64900,1,0,1.011189,"12",2017
"555","1276520","1",44,1,1,1,18,-60000,-1,16,1.007624,"12",2010
"556","1162276","1",36,2,8,3,16,40000,1,0,1.008425,"9",2014
"557","502260","3",5,1,6,1,2,92600,1,2,1.007624,"12",2010
"558","417419","1",31,1,1,1,23,295300,2,0,1.018389,"12",2008
"559","000477644","2",66,2,1,1,20,28000,2,1,1.007588,"12",2016
"560","1323019","2",17,1,1,1,14,61500,1,2,1.001264,"12",2015
"561","1232216","1",35,2,1,1,24,110900,3,0,1.018237,"9",2011
"562","1385928","1",89,2,1,1,19,22200,1,0,1.010207,"12",2012
"563","1068741","1",34,2,1,1,13,55000,1,0,1.015675,"9",2006
"564","1126731","1",69,1,6,1,13,132600,2,0,1.016787,"9",2007
"565","951573","2",50,1,1,1,9,53000,3,1,1.015675,"12",2006
"566","442215","2",80,2,1,1,16,48700,2,1,1.010207,"12",2012
"567","2017000363920","2",54,2,1,1,19,50000,2,13,1.011189,"12",2017
"568","160089","1",48,1,1,1,20,80000,2,0,1.010207,"12",2012
"569","673051","1",67,2,1,1,12,11300,2,0,1.001264,"12",2015
"570","135499","1",25,2,2,1,16,9600,1,0,1.018389,"12",2008
"571","239001","3",19,1,1,4,18,193300,4,2,1.001264,"12",2015
"572","000346948","1",76,2,1,1,22,38400,2,0,1.007588,"9",2016
"573","1101143","2",90,1,1,1,22,121440,1,1,1.018237,"12",2011
"574","433127","3",7,2,1,1,3,73000,2,2,1.010207,"12",2012
"575","1350848","1",55,1,1,1,10,28400,2,0,1.015675,"12",2006
"576","50494","4",23,1,2,1,19,87100,3,5,1.008425,"12",2014
"577","945462","2",28,2,1,1,21,38600,2,1,1.008425,"12",2014
"578","137424","1",72,2,1,1,16,85400,3,0,1.010207,"12",2012
"579","487637","3",18,1,2,4,14,23000,3,2,1.008425,"12",2014
"580","361620","1",43,1,8,2,16,55000,2,0,1.008425,"12",2014
"581","346176","1",94,2,1,1,9,12000,0,0,1.016787,"12",2007
"582","001226140","1",63,1,1,1,18,85000,2,0,1.007588,"9",2016
"583","1150484","1",35,2,2,1,19,39000,2,0,1.001264,"12",2015
"584","998585","1",58,2,1,1,19,60000,2,0,1.001264,"12",2015
"585","316825","2",55,2,9,1,21,156800,2,1,1.018237,"12",2011
"586","530159","2",47,2,1,1,10,130000,2,1,1.015675,"12",2006
"587","000034889","1",69,2,1,1,19,33500,1,0,1.007588,"12",2016
"588","622904","2",20,2,1,1,16,32000,2,2,1.007624,"12",2010
"589","411714","1",32,2,2,1,20,10000,1,0,1.008425,"12",2014
"590","440395","3",8,1,1,1,4,70100,3,7,1.001264,"12",2015
"591","2017000371224","2",20,2,1,4,19,25000,4,13,1.011189,"12",2017
"592","691245","2",63,2,1,1,10,28100,1,2,1.016787,"12",2007
"593","506108","2",44,2,1,1,11,325000,2,1,1.016787,"9",2007
"594","1358891","1",19,2,1,21,19,-60000,-1,17,1.010207,"12",2012
"595","2017000146615","2",47,1,1,1,21,340000,2,1,1.011189,"12",2017
"596","1065156","2",39,2,1,1,20,54700,2,1,1.007549,"12",2013
"597","1079331","1",81,2,9,4,20,1700,1,0,1.007549,"12",2013
"598","325396","2",10,1,1,1,6,42000,2,2,1.001264,"12",2015
"599","1082554","4",1,1,1,1,0,11600,1,2,1.016787,"9",2007
"600","238892","3",21,1,1,1,20,80200,4,2,1.001264,"12",2015
"601","427192","2",58,2,1,1,13,354060,2,1,1.015675,"9",2006
"602","1203971","3",19,1,1,1,15,42700,1,2,0.99948,"12",2009
"603","000372888","3",11,2,1,1,7,56000,2,2,1.007588,"12",2016
"604","522653","3",23,2,1,1,14,152000,4,2,1.016787,"12",2007
"605","810087","2",24,2,1,1,10,47000,2,10,1.015675,"12",2006
"606","001363466","1",26,2,1,1,12,-6000,-1,17,1.007588,"12",2016
"607","001478897","2",67,1,1,1,18,48600,2,1,1.007588,"12",2016
"608","230496","1",39,1,1,23,21,80000,2,0,1.007624,"12",2010
"609","324878","2",45,2,2,1,14,105000,3,1,1.016787,"12",2007
"610","1223569","3",13,1,1,1,12,42600,2,2,1.007549,"12",2013
"611","15459","5",2,2,1,1,0,61000,4,7,1.008425,"12",2014
"612","000843642","5",18,1,1,1,8,66000,5,7,1.007588,"12",2016
"613","1132425","4",9,2,1,1,6,60000,2,2,1.018237,"12",2011
"614","72796","2",29,1,1,13,13,59000,2,12,1.007624,"12",2010
"615","558906","1",77,2,1,1,16,28600,2,0,1.018389,"12",2008
"616","997222","4",16,1,1,16,12,115200,3,2,1.018389,"12",2008
"617","234481","1",62,1,1,1,13,135000,2,0,1.016787,"12",2007
"618","973700","1",43,2,1,1,21,78900,1,0,1.018389,"9",2008
"619","277350","1",30,2,8,24,14,42900,3,0,1.018389,"12",2008
"620","549493","2",16,2,1,1,13,36200,1,2,1.007549,"12",2013
"621","320222","2",2,2,9,1,0,25000,2,2,1.018237,"12",2011
"622","000436497","4",9,1,1,1,6,236250,2,2,1.007588,"12",2016
"623","157368","1",54,2,1,1,16,12000,1,0,1.010207,"12",2012
"624","685254","1",34,1,1,1,21,62080,2,0,1.001264,"12",2015
"625","2017000657379","3",10,2,1,1,6,61600,2,2,1.011189,"12",2017
"626","436331","2",73,2,1,4,15,17500,1,1,1.007624,"12",2010
"627","140512","2",44,2,1,1,9,98610,3,1,1.015675,"12",2006
"628","774995","2",37,2,1,1,13,80410,2,1,1.016787,"12",2007
"629","342870","1",23,2,2,1,18,14500,1,0,1.018237,"12",2011
"630","647917","1",36,2,1,1,12,122000,3,0,1.015675,"12",2006
"631","347181","2",47,1,1,1,22,83000,3,12,0.99948,"12",2009
"632","513561","1",56,2,1,1,14,12000,1,0,1.016787,"12",2007
"633","266579","4",12,1,1,1,9,80600,5,2,1.018389,"12",2008
"634","771850","1",73,1,1,1,21,59800,2,0,1.008425,"12",2014
"635","1482535","1",40,1,1,1,14,-60000,-1,16,1.008425,"12",2014
"636","58072","2",57,2,1,1,20,78000,3,1,1.010207,"12",2012
"637","876223","2",19,2,1,24,8,22400,2,2,1.016787,"12",2007
"638","713226","3",19,2,2,8,19,78500,3,4,0.99948,"12",2009
"639","1215575","2",55,2,1,1,16,75000,2,1,1.007549,"12",2013
"640","1476862","2",68,1,1,1,22,5000,2,1,1.018237,"12",2011
"641","1340039","3",23,2,1,1,19,121700,3,2,0.99948,"12",2009
"642","596656","5",3,2,2,1,1,70000,2,2,1.007624,"12",2010
"643","000345492","2",52,2,6,1,23,301000,3,1,1.007588,"9",2016
"644","1423747","2",39,1,1,1,24,1e+05,2,1,1.008425,"12",2014
"645","1309644","5",63,1,2,1,13,37900,0,5,1.007624,"12",2010
"646","31888","2",62,1,1,1,20,4900,1,1,1.001264,"12",2015
"647","2017001006322","1",64,2,1,1,19,97600,2,0,1.011189,"12",2017
"648","1296557","4",7,2,2,1,4,62000,2,2,1.018389,"12",2008
"649","1166452","1",89,2,1,1,19,7900,1,0,1.010207,"12",2012
"650","000025462","2",28,1,2,1,19,40000,3,1,1.007588,"9",2016
"651","878707","4",31,2,1,17,16,72800,3,15,1.007624,"12",2010
"652","2017000392434","2",48,1,1,1,13,69800,1,5,1.011189,"12",2017
"653","632976","1",47,1,1,3,20,26000,2,0,0.99948,"12",2009
"654","95935","3",17,1,1,1,9,106300,2,7,1.016787,"12",2007
"655","1484806","3",11,2,1,1,9,102000,2,15,1.007549,"12",2013
"656","956958","2",51,1,1,1,16,54200,0,5,1.010207,"12",2012
"657","283233","1",45,2,2,1,16,58500,3,0,1.008425,"12",2014
"658","2017001500196","1",29,1,2,1,16,-60000,NA,16,1.011189,"12",2017
"659","420396","2",44,1,1,3,10,23300,2,1,1.016787,"12",2007
"660","1250","6",6,1,8,2,4,30000,5,2,0.99948,"12",2009
"661","485986","2",66,2,1,1,19,117000,2,1,1.008425,"12",2014
"662","964475","1",54,2,1,1,16,163000,5,0,1.001264,"9",2015
"663","632299","6",1,1,1,1,0,40910,1,2,1.016787,"12",2007
"664","395522","3",31,2,1,1,18,115700,5,2,1.008425,"12",2014
"665","1051144","1",48,2,1,1,12,188100,5,0,1.016787,"12",2007
"666","412404","5",33,1,1,1,17,108000,3,10,1.007549,"12",2013
"667","987125","1",43,1,2,1,4,-59999,-1,13,1.016787,"12",2007
"668","263949","1",60,2,1,1,18,246500,2,0,0.99948,"12",2009
"669","899129","1",71,1,1,1,16,60800,2,0,1.001264,"12",2015
"670","811567","3",0,2,1,17,0,50000,2,2,1.007624,"12",2010
"671","279359","1",55,2,1,3,20,40000,1,0,1.007624,"12",2010
"672","283187","2",70,2,1,1,9,43500,1,1,1.015675,"12",2006
"673","442682","1",56,2,1,1,16,82000,2,0,1.008425,"9",2014
"674","1343943","1",63,1,1,1,10,25500,1,0,1.015675,"12",2006
"675","000552354","2",40,1,1,13,22,165000,2,1,1.007588,"12",2016
"676","001324670","4",0,2,2,1,0,30000,2,2,1.007588,"12",2016
"677","1098258","1",42,2,2,1,9,11200,2,0,1.016787,"12",2007
"678","348508","1",83,1,2,1,16,17100,2,0,1.018237,"9",2011
"679","716402","2",25,1,1,1,21,7000,2,12,0.99948,"12",2009
"680","834329","1",26,2,1,1,17,-60000,-1,16,1.007549,"12",2013
"681","2017000295952","1",86,1,1,4,19,9840,1,0,1.011189,"12",2017
"682","1225253","2",58,2,1,3,16,16300,1,1,0.99948,"12",2009
"683","439722","3",13,1,9,1,9,36500,1,2,1.008425,"12",2014
"684","107631","2",30,2,1,1,21,418000,2,1,1.008425,"12",2014
"685","965814","2",42,2,1,1,11,118000,3,1,1.015675,"12",2006
"686","346846","3",20,2,1,1,19,128700,3,2,1.007624,"9",2010
"687","611558","3",20,1,1,4,17,60000,4,2,1.007624,"12",2010
"688","343520","3",5,2,1,1,1,163000,1,2,1.001264,"12",2015
"689","632102","1",59,1,1,1,18,69700,0,0,0.99948,"12",2009
"690","760871","3",5,2,1,1,1,19900,2,2,1.010207,"12",2012
"691","2017000027536","1",20,1,1,1,16,33700,3,0,1.011189,"12",2017
"692","47926","1",71,1,1,1,21,513000,3,0,1.008425,"12",2014
"693","280134","2",43,1,1,1,18,45900,2,1,1.007624,"12",2010
"694","1477739","3",3,1,6,1,1,72000,2,2,1.018237,"12",2011
"695","179038","1",75,2,1,1,16,42420,2,0,1.001264,"9",2015
"696","522330","2",36,2,1,3,22,84000,2,1,1.018237,"12",2011
"697","627972","1",34,2,1,1,16,20400,1,0,1.018389,"12",2008
"698","408552","2",21,2,1,1,9,260000,3,2,1.016787,"12",2007
"699","163916","1",24,2,1,1,21,37220,2,0,1.010207,"12",2012
"700","186300","2",5,2,1,1,2,394000,2,2,1.018389,"12",2008
"701","1284088","4",15,2,1,21,11,75900,2,2,1.001264,"12",2015
"702","1012633","1",66,1,1,1,10,55800,2,0,1.016787,"12",2007
"703","349614","1",43,2,1,1,9,49000,2,0,1.016787,"12",2007
"704","1363581","1",25,2,1,1,19,66000,2,0,1.007624,"12",2010
"705","1151249","5",11,1,1,1,8,99560,3,2,1.018237,"12",2011
"706","1347065","3",67,1,6,1,22,180000,2,6,1.018237,"12",2011
"707","573841","4",17,2,1,1,13,62400,2,7,0.99948,"9",2009
"708","319622","3",19,1,1,1,10,215200,3,2,1.015675,"9",2006
"709","1041381","1",63,2,2,1,21,48630,1,0,0.99948,"12",2009
"710","1393678","3",20,1,1,1,19,55800,2,2,1.008425,"12",2014
"711","001235324","1",96,2,1,1,16,17700,1,0,1.007588,"9",2016
"712","1395427","1",63,2,1,1,17,22700,2,0,1.018237,"12",2011
"713","1228120","1",44,2,1,1,22,167000,2,0,1.010207,"12",2012
"714","675952","1",63,1,9,1,23,237000,3,0,1.010207,"12",2012
"715","757101","4",16,1,1,1,11,50100,1,2,1.007624,"12",2010
"716","1206430","1",61,1,1,1,16,73300,4,0,1.010207,"12",2012
"717","712166","1",71,1,1,1,16,13000,1,0,1.007549,"12",2013
"718","550286","1",59,2,1,1,13,64000,2,0,1.015675,"12",2006
"719","2017000134775","1",46,2,2,1,21,55800,1,0,1.011189,"12",2017
"720","000633565","4",8,2,1,1,4,137000,2,2,1.007588,"12",2016
"721","388449","2",7,1,8,3,4,44000,2,2,1.001264,"9",2015
"722","1474751","2",56,2,1,1,19,129500,2,1,1.018237,"9",2011
"723","397760","2",32,2,1,1,24,91000,2,1,1.007624,"12",2010
"724","1258261","4",7,1,1,1,2,105000,2,2,1.015675,"12",2006
"725","2017000306188","1",40,2,1,1,16,23000,1,0,1.011189,"12",2017
"726","000999014","1",48,2,1,1,19,40000,1,0,1.007588,"12",2016
"727","906445","4",10,2,1,3,6,83000,1,2,1.001264,"9",2015
"728","2017000472503","2",7,1,1,1,5,50000,1,2,1.011189,"12",2017
"729","562804","3",5,1,1,4,1,68000,1,2,1.010207,"12",2012
"730","755418","2",77,1,2,1,4,32900,4,1,1.015675,"12",2006
"731","565039","4",22,2,1,1,9,9000,2,10,1.015675,"12",2006
"732","1300125","2",57,2,8,16,10,36000,4,1,1.001264,"12",2015
"733","133762","2",24,1,2,1,15,40000,1,2,1.010207,"12",2012
"734","668132","1",72,2,1,1,18,20200,1,0,0.99948,"12",2009
"735","2017000834835","1",65,1,1,1,24,432400,2,0,1.011189,"12",2017
"736","818546","1",62,1,1,1,19,134000,2,0,1.018237,"12",2011
"737","1475719","1",29,1,1,1,19,-60000,-1,17,1.008425,"12",2014
"738","1207221","1",88,1,1,1,22,50000,2,0,1.010207,"12",2012
"739","306987","2",7,1,2,1,2,32000,0,2,0.99948,"12",2009
"740","1002970","1",28,2,1,1,17,32000,1,0,1.007549,"12",2013
"741","1320539","1",46,2,1,1,21,201110,3,0,1.007549,"12",2013
"742","000226380","2",45,2,1,21,21,79000,1,1,1.007588,"12",2016
"743","1280256","2",28,1,1,1,21,51470,2,5,1.001264,"12",2015
"744","380773","1",47,2,2,1,22,65200,1,0,1.008425,"12",2014
"745","2017000666302","5",9,2,1,1,6,55000,2,2,1.011189,"12",2017
"746","115545","1",57,2,1,1,21,12000,1,0,1.007549,"12",2013
"747","290780","1",71,1,1,1,22,103300,0,0,1.007549,"12",2013
"748","951943","4",16,1,1,24,15,82000,3,2,1.018389,"12",2008
"749","1234295","2",20,2,1,1,11,35000,2,9,1.016787,"12",2007
"750","1103739","1",57,2,1,1,19,50600,2,0,0.99948,"12",2009
"751","151484","4",16,2,1,1,13,246000,3,4,1.010207,"12",2012
"752","2017000255149","2",66,1,1,1,19,46460,2,11,1.011189,"12",2017
"753","1131881","1",90,1,1,1,16,13900,3,0,1.018389,"9",2008
"754","1361770","1",77,1,2,1,13,18000,2,0,1.001264,"12",2015
"755","1027582","1",36,1,1,1,16,60000,2,0,1.007624,"12",2010
"756","1288882","1",89,1,1,1,21,33600,1,0,1.010207,"12",2012
"757","1458878","1",70,1,1,4,15,18500,1,0,1.008425,"12",2014
"758","2017001085714","1",50,1,1,1,22,210600,2,0,1.011189,"12",2017
"759","837622","2",65,2,1,1,20,116600,3,1,0.99948,"12",2009
"760","613990","3",15,1,1,1,16,29000,3,2,1.008425,"12",2014
"761","73527","1",49,1,2,1,24,144500,3,0,1.018389,"12",2008
"762","133538","1",80,1,1,1,20,55300,2,0,1.018389,"12",2008
"763","1126608","1",77,1,1,1,13,71000,1,0,1.015675,"9",2006
"764","000654267","1",74,1,1,1,16,35100,1,0,1.007588,"12",2016
"765","1125311","1",25,2,1,1,21,1200,2,0,1.018389,"12",2008
"766","790008","4",8,2,2,1,5,101000,2,2,1.018237,"12",2011
"767","2017000497313","5",3,1,9,15,1,120000,2,2,1.011189,"12",2017
"768","1454927","3",20,1,1,1,19,83000,4,2,1.018237,"12",2011
"769","944799","2",66,2,1,1,22,96100,4,1,1.001264,"12",2015
"770","78316","2",14,1,2,1,5,1200,1,2,1.015675,"12",2006
"771","927030","3",13,1,1,3,3,15000,2,7,1.015675,"12",2006
"772","1236694","5",6,2,1,1,3,107000,3,7,1.007549,"12",2013
"773","810852","1",56,2,1,1,22,59000,1,0,1.007624,"12",2010
"774","1180394","1",33,2,1,1,9,1e+05,3,0,1.016787,"12",2007
"775","2017001495386","1",63,1,1,1,16,-60000,NA,17,1.011189,"09",2017
"776","551232","2",51,1,1,16,16,90000,3,1,0.99948,"12",2009
"777","000539089","1",35,1,3,1,16,-6000,-1,16,1.007588,"12",2016
"778","112997","2",20,1,1,1,16,15600,1,15,1.018237,"12",2011
"779","913419","1",53,1,1,1,23,330000,2,0,1.007624,"12",2010
"780","001309962","5",0,1,2,1,0,48900,2,10,1.007588,"12",2016
"781","440029","5",8,2,1,1,4,179500,4,7,1.001264,"9",2015
"782","999119","3",20,2,8,5,16,50100,2,2,1.007624,"9",2010
"783","1158308","1",35,2,1,1,11,0,1,0,1.015675,"12",2006
"784","2017001260933","3",7,2,1,1,4,107500,2,4,1.011189,"09",2017
"785","318408","3",8,2,8,1,5,73590,1,2,1.008425,"9",2014
"786","19584","1",47,1,1,1,13,155000,2,0,1.016787,"12",2007
"787","544924","1",57,2,1,1,4,30300,3,0,1.016787,"9",2007
"788","2017000497113","1",57,1,1,21,16,36000,1,0,1.011189,"12",2017
"789","106050","4",8,1,2,1,5,48500,2,2,0.99948,"12",2009
"790","844629","1",70,2,1,1,13,57100,2,0,1.016787,"12",2007
"791","258986","2",16,1,1,16,12,23000,1,2,0.99948,"12",2009
"792","1248380","3",22,1,1,1,20,72600,4,2,1.010207,"9",2012
"793","146507","1",23,1,1,1,19,0,3,0,1.018237,"9",2011
"794","352218","2",67,2,1,1,16,66900,2,1,1.018389,"9",2008
"795","103766","3",9,2,1,1,6,651004,2,2,1.018389,"9",2008
"796","214485","1",83,2,1,1,16,55000,1,0,1.018237,"12",2011
"797","22091","2",42,1,1,4,16,37300,2,1,1.010207,"12",2012
"798","001195315","4",23,2,1,7,7,38000,1,12,1.007588,"12",2016
"799","000180218","4",11,1,1,8,7,122000,1,2,1.007588,"12",2016
"800","001033059","1",74,1,1,4,9,65704,2,0,1.007588,"12",2016
"801","1322622","1",41,2,1,1,21,203000,2,0,1.007624,"9",2010
"802","388974","1",27,1,1,2,12,-60000,-1,16,1.007549,"12",2013
"803","981375","1",67,1,1,1,17,59100,1,0,1.010207,"12",2012
"804","831560","1",37,1,1,1,16,70110,2,0,1.018389,"12",2008
"805","1123612","2",54,1,1,1,16,45400,2,1,1.018389,"12",2008
"806","917028","1",67,1,1,1,22,164000,2,0,1.010207,"9",2012
"807","1279617","3",5,2,1,1,2,53000,1,4,1.018237,"12",2011
"808","831248","2",24,2,9,1,22,63000,2,1,1.007624,"12",2010
"809","1283744","2",62,1,1,4,16,34300,2,1,1.001264,"12",2015
"810","2017000448100","1",69,2,1,1,18,15500,1,0,1.011189,"12",2017
"811","1123851","2",30,2,6,1,21,162000,1,1,1.007549,"9",2013
"812","133318","2",21,2,1,3,16,10000,1,2,1.010207,"12",2012
"813","1303404","2",36,2,2,1,19,70000,2,1,1.018389,"12",2008
"814","167967","2",41,1,1,1,19,70000,2,1,1.018237,"12",2011
"815","1066386","2",77,2,1,1,24,82300,2,1,1.008425,"12",2014
"816","787545","1",29,1,8,7,5,23000,1,0,1.015675,"12",2006
"817","1368426","1",36,1,1,1,15,26000,2,0,1.001264,"12",2015
"818","2017000526713","1",72,1,1,1,21,45900,2,0,1.011189,"12",2017
"819","1006465","2",28,1,1,21,21,27000,3,1,1.007624,"12",2010
"820","348299","2",44,2,1,3,16,149170,3,1,1.010207,"9",2012
"821","1041359","5",3,2,9,1,1,20200,1,2,1.018237,"9",2011
"822","859396","1",75,2,1,1,15,44300,2,0,1.015675,"12",2006
"823","991406","1",27,2,2,1,19,37000,1,0,1.007549,"12",2013
"824","001013019","1",47,1,2,1,14,-6000,-1,17,1.007588,"12",2016
"825","324769","6",0,1,2,1,0,26150,2,2,0.99948,"12",2009
"826","1248136","3",5,2,1,1,2,65900,3,2,1.007624,"12",2010
"827","2017000170499","1",71,1,1,1,22,364000,2,0,1.011189,"09",2017
"828","1082948","3",14,1,1,1,11,80000,2,2,1.018389,"12",2008
"829","1079938","1",52,1,1,1,21,106780,3,0,1.018389,"12",2008
"830","738914","1",38,2,2,1,13,110000,3,0,1.016787,"12",2007
"831","1453201","1",58,2,2,1,22,94600,2,0,1.008425,"12",2014
"832","12207","2",21,1,1,1,16,36700,3,2,1.001264,"12",2015
"833","509507","2",57,1,1,1,22,560000,2,1,1.010207,"9",2012
"834","1229087","2",70,1,2,1,15,18600,1,1,1.018389,"12",2008
"835","291076","1",54,1,1,1,21,128000,1,0,1.007624,"12",2010
"836","333961","2",87,1,1,1,9,33900,1,1,1.015675,"12",2006
"837","000156281","2",58,1,1,1,16,694000,3,1,1.007588,"9",2016
"838","385067","1",56,2,1,1,22,88130,2,0,1.008425,"12",2014
"839","1230104","1",38,1,1,1,17,35280,2,0,0.99948,"12",2009
"840","1032919","1",33,2,9,1,22,125200,2,0,1.010207,"9",2012
"841","001110396","3",7,2,1,1,4,45000,1,2,1.007588,"12",2016
"842","217737","1",35,2,1,1,13,118700,1,0,1.016787,"9",2007
"843","989461","2",62,2,1,1,14,117200,2,1,1.018237,"9",2011
"844","278908","1",73,2,1,1,14,38300,1,0,1.015675,"12",2006
"845","510405","2",57,2,1,4,19,292000,4,1,1.008425,"12",2014
"846","730972","1",44,1,2,1,16,-60000,-1,16,1.001264,"12",2015
"847","001205828","3",20,2,1,1,19,83000,2,2,1.007588,"9",2016
"848","926786","1",48,1,1,1,20,130000,2,0,1.008425,"12",2014
"849","471125","1",45,1,1,1,21,138400,2,0,1.001264,"12",2015
"850","1072897","1",68,1,1,1,19,31100,2,0,1.007624,"12",2010
"851","001009815","4",29,2,1,1,16,29000,2,13,1.007588,"12",2016
"852","466084","3",2,2,1,1,0,27140,1,2,1.016787,"9",2007
"853","979567","5",54,1,2,1,16,25600,2,10,1.010207,"12",2012
"854","638027","1",56,2,2,1,21,80000,1,0,1.001264,"12",2015
"855","1252123","1",59,1,1,1,16,48000,3,0,1.010207,"12",2012
"856","35690","5",16,1,1,1,14,90900,2,2,0.99948,"12",2009
"857","001012683","4",20,1,6,1,16,41400,3,7,1.007588,"12",2016
"858","001346001","1",84,1,2,1,16,-6000,-1,16,1.007588,"12",2016
"859","001379787","1",56,2,1,1,21,92000,2,0,1.007588,"9",2016
"860","001359676","5",33,2,1,3,20,121100,3,5,1.007588,"12",2016
"861","1325335","1",41,2,1,1,21,72000,2,0,1.018389,"12",2008
"862","209674","3",24,2,1,1,15,161620,3,2,1.018389,"12",2008
"863","1007091","1",41,1,1,1,18,1e+05,2,0,1.018389,"9",2008
"864","793250","1",56,1,1,1,20,1e+05,1,0,1.018389,"12",2008
"865","973604","2",62,2,1,1,13,455004,2,1,1.015675,"12",2006
"866","412121","6",2,1,1,7,0,13000,2,2,1.008425,"12",2014
"867","1167367","2",58,2,2,2,22,113700,3,1,0.99948,"12",2009
"868","1186004","2",55,1,1,1,19,119000,3,1,1.008425,"12",2014
"869","1403167","5",4,1,1,1,1,59500,4,7,1.007624,"12",2010
"870","691738","2",66,2,1,1,20,61400,1,1,1.008425,"12",2014
"871","001034981","3",20,2,1,3,16,43000,4,9,1.007588,"12",2016
"872","2017000293485","3",7,2,1,1,4,86700,2,2,1.011189,"12",2017
"873","1310988","1",65,1,1,1,18,41500,2,0,0.99948,"12",2009
"874","896961","2",46,2,6,1,21,26600,2,1,1.018389,"12",2008
"875","1425231","2",47,2,1,1,12,41000,1,1,1.007549,"12",2013
"876","1349582","4",14,1,1,1,11,68150,3,2,1.010207,"12",2012
"877","306420","1",63,1,1,1,22,63000,2,0,1.008425,"9",2014
"878","434531","1",56,1,2,1,16,26100,0,0,1.007549,"12",2013
"879","808711","3",19,1,1,4,16,68000,0,2,1.010207,"12",2012
"880","001418483","2",65,2,1,1,21,152600,2,1,1.007588,"12",2016
"881","212070","3",62,1,1,4,16,28000,2,12,1.007549,"12",2013
"882","369836","1",86,1,1,1,19,31000,1,0,0.99948,"12",2009
"883","1111280","1",79,1,1,1,19,38770,1,0,1.018237,"12",2011
"884","429882","2",72,2,1,1,1,15300,1,1,1.007549,"12",2013
"885","1120143","5",1,1,2,1,0,7000,0,5,1.010207,"12",2012
"886","2017000584204","2",22,1,9,1,16,89000,1,2,1.011189,"09",2017
"887","1107114","2",37,1,1,1,16,90000,2,1,1.018237,"12",2011
"888","931500","2",67,2,1,1,9,24000,2,1,1.015675,"12",2006
"889","1021201","4",4,2,1,1,2,341300,2,2,1.018237,"12",2011
"890","888133","2",62,2,1,1,23,820000,5,1,1.008425,"12",2014
"891","317469","1",53,1,1,1,22,180300,3,0,0.99948,"12",2009
"892","1443673","4",12,2,1,2,9,28000,1,2,1.007549,"12",2013
"893","001311264","2",28,2,1,4,21,16000,1,1,1.007588,"12",2016
"894","694793","1",75,2,1,1,17,18100,1,0,1.010207,"12",2012
"895","001236097","1",52,2,1,1,16,137000,2,0,1.007588,"12",2016
"896","1325518","3",13,2,1,1,10,62100,3,2,1.010207,"12",2012
"897","1496468","1",54,2,1,1,19,69500,2,0,1.008425,"12",2014
"898","240188","3",37,2,1,1,18,160400,4,2,1.008425,"12",2014
"899","000277519","3",20,2,1,1,16,121500,3,2,1.007588,"12",2016
"900","2017000383878","2",78,1,1,1,16,46500,2,1,1.011189,"12",2017
"901","455666","1",38,1,1,1,11,-60000,-1,16,1.018389,"12",2008
"902","536235","1",20,2,1,16,5,12400,1,0,1.015675,"12",2006
"903","001211648","2",57,1,1,1,21,590000,1,1,1.007588,"12",2016
"904","79624","2",76,2,6,1,22,63000,1,1,1.018389,"12",2008
"905","1262713","1",19,2,2,1,9,-60000,-1,14,1.015675,"12",2006
"906","2017000888211","1",56,2,1,3,21,57000,1,0,1.011189,"12",2017
"907","2017000465742","1",29,2,1,1,19,55410,2,0,1.011189,"12",2017
"908","1064170","1",71,1,1,1,14,48000,1,0,1.015675,"12",2006
"909","949639","1",34,2,1,1,22,170000,2,0,0.99948,"12",2009
"910","1341433","4",4,2,1,1,2,414000,2,2,1.016787,"12",2007
"911","1002493","8",10,1,1,1,8,64000,3,3,0.99948,"9",2009
"912","285354","4",6,1,1,2,3,35000,2,2,1.001264,"12",2015
"913","1185672","2",64,2,1,1,22,114000,2,1,1.010207,"12",2012
"914","835534","1",78,2,1,1,19,-60000,-1,16,0.99948,"12",2009
"915","1064637","4",4,1,1,1,1,40000,2,2,1.018237,"12",2011
"916","1143906","2",23,2,8,4,9,18000,0,1,1.015675,"12",2006
"917","324306","1",51,1,1,1,21,35000,3,0,1.007549,"12",2013
"918","1304909","2",54,2,1,4,9,33600,2,1,1.018389,"12",2008
"919","264138","3",16,1,6,1,13,48000,2,2,0.99948,"12",2009
"920","1253984","3",6,2,1,1,3,27000,1,2,1.001264,"12",2015
"921","1397961","1",68,1,1,1,22,77100,1,0,1.001264,"12",2015
"922","318042","1",47,1,1,1,19,67800,3,0,0.99948,"12",2009
"923","1467005","1",54,2,6,1,13,38000,3,0,1.010207,"12",2012
"924","74953","1",57,2,1,1,16,11000,1,0,1.001264,"12",2015
"925","1031445","2",62,1,1,1,22,397200,2,1,0.99948,"12",2009
"926","1311773","1",73,2,1,1,9,100200,2,0,1.015675,"12",2006
"927","1087154","2",81,1,1,1,5,17600,1,1,1.016787,"12",2007
"928","249708","1",37,1,1,1,21,415900,3,0,1.018389,"12",2008
"929","425372","6",13,1,1,2,9,12500,1,2,0.99948,"9",2009
"930","43160","2",52,2,1,4,7,8400,2,1,1.016787,"12",2007
"931","1390656","1",69,2,2,1,13,21500,1,0,1.007549,"12",2013
"932","60148","3",40,1,1,1,21,97980,3,2,1.018237,"9",2011
"933","1174513","4",10,2,1,1,2,23000,2,2,1.015675,"12",2006
"934","1401401","4",24,1,1,4,19,502000,5,2,1.018237,"12",2011
"935","001121799","1",48,1,6,1,19,74500,2,0,1.007588,"12",2016
"936","82638","1",21,2,1,1,20,5000,1,0,1.018237,"12",2011
"937","454330","2",78,1,1,1,13,49800,0,1,1.015675,"12",2006
"938","306696","4",13,1,1,1,10,44500,2,2,1.018389,"12",2008
"939","2017000226000","2",84,1,1,13,20,120600,1,6,1.011189,"12",2017
"940","113957","1",69,2,1,1,19,151700,3,0,1.008425,"9",2014
"941","678266","2",33,2,1,1,13,120000,2,1,1.016787,"12",2007
"942","121498","1",46,1,1,1,21,127200,2,0,1.007624,"12",2010
"943","851436","1",62,2,1,1,20,30900,2,0,1.010207,"12",2012
"944","897638","2",60,1,1,8,10,7600,1,1,1.007624,"12",2010
"945","001094415","1",59,1,1,1,21,103400,2,0,1.007588,"12",2016
"946","843839","3",5,2,1,1,2,448400,3,2,1.015675,"12",2006
"947","566596","2",74,2,1,1,19,58800,1,1,1.001264,"12",2015
"948","783604","1",40,1,1,1,11,38000,2,0,1.016787,"12",2007
"949","950522","2",19,1,1,1,16,20300,2,12,1.007624,"12",2010
"950","541217","3",10,2,1,1,7,106300,3,2,1.001264,"12",2015
"951","1101138","2",64,2,1,1,18,47500,2,1,1.008425,"12",2014
"952","995222","2",48,2,1,1,22,125300,2,1,1.008425,"12",2014
"953","646028","1",57,2,1,1,9,74000,1,0,1.015675,"12",2006
"954","431556","1",39,1,1,4,12,13700,1,0,1.018237,"12",2011
"955","1369131","1",55,2,2,1,12,12000,0,0,1.008425,"12",2014
"956","851426","1",69,2,1,1,18,23400,1,0,1.008425,"12",2014
"957","2017001145682","1",51,1,1,1,21,105000,4,0,1.011189,"12",2017
"958","1019045","1",38,1,8,3,16,-60000,-1,16,1.007624,"9",2010
"959","265288","3",17,2,1,1,13,501400,4,3,1.008425,"12",2014
"960","566898","1",39,2,1,1,21,114000,3,0,1.001264,"12",2015
"961","276820","2",22,2,1,3,16,23500,2,2,1.008425,"9",2014
"962","929049","2",34,1,1,1,23,46900,3,2,1.008425,"12",2014
"963","96765","1",45,1,1,1,19,113800,2,0,0.99948,"12",2009
"964","001073879","2",75,2,1,1,20,90900,2,1,1.007588,"12",2016
"965","461353","1",65,2,1,1,17,13200,1,0,1.018389,"12",2008
"966","88057","1",76,2,1,1,16,13690,1,0,0.99948,"12",2009
"967","824759","1",94,2,1,1,16,4300,0,0,1.007549,"12",2013
"968","1074579","1",32,2,3,1,16,8000,2,0,1.007549,"12",2013
"969","989805","2",73,1,1,1,19,100900,1,1,1.018237,"12",2011
"970","1008070","1",69,1,2,1,20,41100,2,0,1.001264,"12",2015
"971","1153780","4",4,1,1,1,1,80000,4,11,1.016787,"12",2007
"972","620181","1",74,1,1,2,19,32300,2,0,1.018389,"12",2008
"973","499490","4",27,2,1,1,16,320000,4,13,1.007549,"12",2013
"974","504406","2",48,2,1,1,21,350004,3,1,1.018389,"9",2008
"975","282720","1",51,2,1,1,13,131000,2,0,1.015675,"12",2006
"976","689761","7",0,1,2,1,0,15700,2,5,1.015675,"12",2006
"977","2017000034650","2",44,1,1,1,19,102000,2,1,1.011189,"12",2017
"978","1174533","1",19,1,2,1,19,-60000,-1,17,1.001264,"12",2015
"979","654108","1",74,2,1,1,22,332000,1,0,1.001264,"12",2015
"980","656759","1",61,2,1,1,21,151000,3,0,1.001264,"12",2015
"981","1290906","2",10,1,2,1,5,19000,2,3,1.008425,"12",2014
"982","1220683","1",76,1,1,1,22,56000,1,0,0.99948,"12",2009
"983","993620","2",14,1,2,1,9,1000,1,2,1.018389,"12",2008
"984","343640","1",87,1,1,1,22,22000,2,0,1.008425,"12",2014
"985","867530","2",54,2,1,1,21,72830,3,1,1.018237,"12",2011
"986","2017000336307","1",76,2,1,1,16,15300,1,0,1.011189,"12",2017
"987","000786150","2",8,2,1,1,5,14200,0,2,1.007588,"12",2016
"988","2017000883960","1",79,1,1,9,6,10900,0,0,1.011189,"12",2017
"989","667744","1",75,1,1,1,13,43100,2,0,1.001264,"12",2015
"990","168516","2",56,2,1,1,13,240000,2,1,1.016787,"12",2007
"991","316729","4",2,1,1,4,0,28000,2,7,1.007549,"12",2013
"992","357886","1",51,2,2,1,16,25000,1,0,1.007624,"9",2010
"993","744974","2",61,2,1,1,9,48030,2,1,1.015675,"12",2006
"994","649191","5",61,1,1,1,17,75000,4,13,1.001264,"12",2015
"995","001210572","1",41,1,1,2,7,38000,2,0,1.007588,"12",2016
"996","913415","1",47,2,1,1,20,65000,2,0,1.010207,"9",2012
"997","357227","4",11,2,9,1,7,420800,2,2,0.99948,"9",2009
"998","1085053","1",26,2,1,1,13,37510,1,0,1.015675,"12",2006
"999","1390639","5",0,1,1,1,0,55600,3,7,1.001264,"12",2015
"1000","411497","3",0,2,1,1,0,45000,2,2,1.016787,"12",2007
